question	why there is no answer
who is on call this weekend	the corpus names no people
what is the database password	no credential appears in the corpus
how much revenue did the outage cost	the corpus contains no money
when will the migration finish	the corpus contains no dates in the future
which customer reported the bug	the corpus names no customers
how many engineers are on the team	the corpus gives no headcount
which region did the traffic come from	the corpus names no regions
what is the budget for next quarter	the corpus contains no budgets
what is the name of the failing service	the corpus names no services
how long until the contract renews	the corpus contains no contracts
