sentence	subject	target
the server that the engineer restarted was slow	server	was
the servers that the engineer restarted were slow	servers	were
the server that the engineers checked was wrong	server	was
the servers that the engineers checked were wrong	servers	were
the server that the team reviewed was green	server	was
the servers that the team reviewed were green	servers	were
the deploy that the engineers checked was noisy	deploy	was
the deploys that the engineers checked were noisy	deploys	were
the deploy that the team reviewed was late	deploy	was
the deploys that the team reviewed were late	deploys	were
the deploy that the reviewer flagged was quiet	deploy	was
the deploys that the reviewer flagged were quiet	deploys	were
the test that the team reviewed was wrong	test	was
the tests that the team reviewed were wrong	tests	were
the test that the reviewer flagged was green	test	was
the tests that the reviewer flagged were green	tests	were
the test that the reviewers ignored was slow	test	was
the tests that the reviewers ignored were slow	tests	were
the alert that the reviewer flagged was late	alert	was
the alerts that the reviewer flagged were late	alerts	were
the alert that the reviewers ignored was quiet	alert	was
the alerts that the reviewers ignored were quiet	alerts	were
the alert that the engineer queued was noisy	alert	was
the alerts that the engineer queued were noisy	alerts	were
the ticket that the reviewers ignored was green	ticket	was
the tickets that the reviewers ignored were green	tickets	were
the ticket that the engineer queued was slow	ticket	was
the tickets that the engineer queued were slow	tickets	were
the ticket that the engineers restarted was wrong	ticket	was
the tickets that the engineers restarted were wrong	tickets	were
the branch that the engineer queued was quiet	branch	was
the branches that the engineer queued were quiet	branches	were
the branch that the engineers restarted was noisy	branch	was
the branches that the engineers restarted were noisy	branches	were
the branch that the team checked was late	branch	was
the branches that the team checked were late	branches	were
the index that the engineers restarted was slow	index	was
the indexes that the engineers restarted were slow	indexes	were
the index that the team checked was wrong	index	was
the indexes that the team checked were wrong	indexes	were
the index that the reviewer reviewed was green	index	was
the indexes that the reviewer reviewed were green	indexes	were
the runbook that the team checked was noisy	runbook	was
the runbooks that the team checked were noisy	runbooks	were
the runbook that the reviewer reviewed was late	runbook	was
the runbooks that the reviewer reviewed were late	runbooks	were
the runbook that the reviewers flagged was quiet	runbook	was
the runbooks that the reviewers flagged were quiet	runbooks	were
the check that the reviewer reviewed was wrong	check	was
the checks that the reviewer reviewed were wrong	checks	were
the check that the reviewers flagged was green	check	was
the checks that the reviewers flagged were green	checks	were
the check that the engineer ignored was slow	check	was
the checks that the engineer ignored were slow	checks	were
the build that the reviewers flagged was late	build	was
the builds that the reviewers flagged were late	builds	were
the build that the engineer ignored was quiet	build	was
the builds that the engineer ignored were quiet	builds	were
the build that the engineers queued was noisy	build	was
the builds that the engineers queued were noisy	builds	were
