sentence	first	second	outcome
the plan preceded the design which was normal	plan	design	normal
the design preceded the plan which was backwards	design	plan	backwards
the design preceded the code which was normal	design	code	normal
the code preceded the design which was backwards	code	design	backwards
the code preceded the review which was normal	code	review	normal
the review preceded the code which was backwards	review	code	backwards
the review preceded the merge which was normal	review	merge	normal
the merge preceded the review which was backwards	merge	review	backwards
the merge preceded the test which was normal	merge	test	normal
the test preceded the merge which was backwards	test	merge	backwards
the test preceded the build which was normal	test	build	normal
the build preceded the test which was backwards	build	test	backwards
the build preceded the stage which was normal	build	stage	normal
the stage preceded the build which was backwards	stage	build	backwards
the stage preceded the deploy which was normal	stage	deploy	normal
the deploy preceded the stage which was backwards	deploy	stage	backwards
the deploy preceded the monitor which was normal	deploy	monitor	normal
the monitor preceded the deploy which was backwards	monitor	deploy	backwards
the plan preceded the code which was normal	plan	code	normal
the code preceded the plan which was backwards	code	plan	backwards
the design preceded the review which was normal	design	review	normal
the review preceded the design which was backwards	review	design	backwards
the code preceded the merge which was normal	code	merge	normal
the merge preceded the code which was backwards	merge	code	backwards
the review preceded the test which was normal	review	test	normal
the test preceded the review which was backwards	test	review	backwards
the merge preceded the build which was normal	merge	build	normal
the build preceded the merge which was backwards	build	merge	backwards
the test preceded the stage which was normal	test	stage	normal
the stage preceded the test which was backwards	stage	test	backwards
the build preceded the deploy which was normal	build	deploy	normal
the deploy preceded the build which was backwards	deploy	build	backwards
the stage preceded the monitor which was normal	stage	monitor	normal
the monitor preceded the stage which was backwards	monitor	stage	backwards
the plan preceded the review which was normal	plan	review	normal
the review preceded the plan which was backwards	review	plan	backwards
the design preceded the merge which was normal	design	merge	normal
the merge preceded the design which was backwards	merge	design	backwards
the code preceded the test which was normal	code	test	normal
the test preceded the code which was backwards	test	code	backwards
the review preceded the build which was normal	review	build	normal
the build preceded the review which was backwards	build	review	backwards
the merge preceded the stage which was normal	merge	stage	normal
the stage preceded the merge which was backwards	stage	merge	backwards
the test preceded the deploy which was normal	test	deploy	normal
the deploy preceded the test which was backwards	deploy	test	backwards
the build preceded the monitor which was normal	build	monitor	normal
the monitor preceded the build which was backwards	monitor	build	backwards
the plan preceded the merge which was normal	plan	merge	normal
the merge preceded the plan which was backwards	merge	plan	backwards
the design preceded the test which was normal	design	test	normal
the test preceded the design which was backwards	test	design	backwards
the code preceded the build which was normal	code	build	normal
the build preceded the code which was backwards	build	code	backwards
the review preceded the stage which was normal	review	stage	normal
the stage preceded the review which was backwards	stage	review	backwards
the merge preceded the deploy which was normal	merge	deploy	normal
the deploy preceded the merge which was backwards	deploy	merge	backwards
the test preceded the monitor which was normal	test	monitor	normal
the monitor preceded the test which was backwards	monitor	test	backwards
